unit_nr,cycle,RUL_raw,RUL_clipped,op_setting_1,op_setting_2,sensor_2,sensor_3,sensor_4,sensor_7,sensor_8,sensor_9,sensor_11,sensor_12,sensor_13,sensor_14,sensor_15,sensor_17,sensor_20,sensor_21,op_setting_1_scaled,op_setting_2_scaled,sensor_2_scaled,sensor_3_scaled,sensor_4_scaled,sensor_7_scaled,sensor_8_scaled,sensor_9_scaled,sensor_11_scaled,sensor_12_scaled,sensor_13_scaled,sensor_14_scaled,sensor_15_scaled,sensor_17_scaled,sensor_20_scaled,sensor_21_scaled
2,1,286,125,-0.0018,0.0006,641.89,1583.84,1391.28,554.53,2388.01,9054.72,46.93,522.33,2388.06,8137.72,8.3905,391,38.94,23.4585,-0.8185121570913617,2.0437930422630664,-1.5811908619508146,-1.0926624719038578,-1.9630140726558127,1.3180902095819986,-1.2210165119167822,-0.4712973733627949,-2.294364565053186,1.2421272717866614,-0.5001469380221729,-0.31594363798239555,-1.3737536162106867,-1.4262459188590835,0.6786844964412639,1.5644361010650052
2,2,285,125,0.0043,-0.0003,641.82,1587.05,1393.13,554.77,2387.98,9051.31,47.24,522.7,2387.98,8131.09,8.4167,392,39.06,23.4085,1.9661238499840452,-1.0317391154409536,-1.7217222767762375,-0.5651552947891456,-1.756663955481662,1.5915180097268558,-1.6456751705522397,-0.6217886732099418,-1.127746641662686,1.745550583276357,-1.6158062222167857,-0.6544422524639629,-0.6752167973209432,-0.7795285445408454,1.3458441301403437,1.0988953755064277
2,3,284,125,0.0018,0.0003,641.55,1588.32,1398.96,555.14,2388.04,9054.24,47.22,522.58,2387.99,8140.58,8.3802,391,39.11,23.425,0.8248795847892062,1.0186156563617261,-2.2637720196749815,-0.3564530782982835,-1.1063822348734489,2.0130525349501665,-0.7963578532877619,-0.49248089944096735,-1.2030123141395037,1.5822781579283434,-1.47634881169563,-0.1699246278138954,-1.6483692358505118,-1.4262459188590835,1.623827310848267,1.2525238149407618
2,4,283,125,0.0035,-0.0004,641.68,1584.15,1396.08,554.25,2387.98,9058.01,47.1,522.49,2387.93,8140.44,8.4018,391,39.13,23.5027,1.6009256851216966,-1.3734649107414005,-2.0027851064275395,-1.0417194111855868,-1.427619174041845,0.9990911094130417,-1.6456751705522397,-0.326101955035151,-1.6546063490003295,1.4598238389172946,-2.3130932748415898,-0.1770724115284549,-1.0724762859261836,-1.4262459188590835,1.7350205831314602,1.9759741024587818
2,5,282,125,0.0005,0.0004,641.73,1579.03,1402.52,555.12,2388.03,9058.15,47.25,522.27,2387.94,8136.67,8.3867,390,39.18,23.4234,0.23143256688789002,1.360341451662173,-1.9024055244091522,-1.883101575306259,-0.7092976850680918,1.9902668849381167,-0.9379107394952897,-0.3199234265957041,-1.0901138054242905,1.1604910591125774,-2.1736358643140923,-0.3695520158414757,-1.4750681166603405,-2.0729632931773216,2.0130037638393836,1.2376265117228893
2,6,281,125,-0.001,0.0004,641.3,1577.5,1396.76,554.98,2388.04,9054.07,47.05,522.8,2387.99,8133.65,8.38,392,39.15,23.427,-0.4533139922290133,1.360341451662173,-2.765669929766234,-2.1345302298188713,-1.3517715634048582,1.8307673348536382,-0.7963578532877619,-0.4999833982603301,-1.8427705301923603,1.881610937732906,-1.47634881169563,-0.523739921683778,-1.6537015779794284,-0.7795285445408454,1.8462138554146137,1.2711454439630945
2,7,280,125,0.0001,-0.0002,642.03,1587.49,1400.65,554.84,2388.05,9052.67,47.1,522.14,2388.04,8136.33,8.3941,391,39.1,23.4718,0.048833484456715814,-0.690013320140507,-1.3001280322997406,-0.492849015060018,-0.9178786143197732,1.6712677847691597,-0.6548049670737971,-0.5617686826550398,-1.6546063490003295,0.9836125983189089,-0.7790617590708261,-0.3869109191482299,-1.2777714578899495,-1.4262459188590835,1.5682306747066903,1.688269934063594
2,8,279,125,0.0015,-0.0004,642.55,1590.41,1395.39,554.65,2388.01,9055.82,47.2,522.77,2387.96,8137.92,8.3861,391,39.11,23.4381,0.6879302729658255,-1.3734649107414005,-0.25618037930997223,-0.012998249584946225,-1.5045821907175843,1.454804109654427,-1.2210165119167822,-0.422751792766923,-1.2782779866162945,1.8407928313959412,-1.8947210432654389,-0.3057325183902008,-1.4910651430470907,-1.4262459188590835,1.623827310848267,1.3744954850370878
2,9,278,125,0.0017,-0.0004,641.98,1581.99,1395.01,554.69,2388.02,9051.67,47.14,522.4,2387.98,8145.29,8.3868,390,39.06,23.4875,0.7792298141814126,-1.3734649107414005,-1.4005076143178998,-1.3966775116740004,-1.5469676201912026,1.5003754096786563,-1.0794636257092545,-0.6059010286512724,-1.5040750040467208,1.3373695199062459,-1.6158062222167857,0.07054723858251008,-1.4724019455958823,-2.0729632931773216,1.3458441301403437,1.8344497218889753
2,10,277,125,-0.0045,0.0002,641.99,1586.37,1394.86,554.63,2387.99,9058.88,47.21,521.99,2387.97,8138.64,8.3982,391,39.2,23.6005,-2.0510559635017875,0.6768898610612797,-1.380431697914268,-0.6769013634614303,-1.5636987107728992,1.4320184596423773,-1.504122284344712,-0.2877068140184736,-1.2406451503778992,0.7795220666339308,-1.7552636327442832,-0.26897248785825356,-1.1684584442469208,-1.4262459188590835,2.1241970361225766,2.8865717616513407
2,11,276,125,0.0006,0.0004,642.26,1589.21,1401.29,554.7,2388.01,9053.21,47.21,522.2,2388.03,8135.85,8.4188,392,39.23,23.3888,0.27708233749568356,1.360341451662173,-0.838381955015752,-0.2101971943007317,-0.8464926278379243,1.5117682346846812,-1.2210165119167822,-0.5379372158171158,-1.2406451503778992,1.065248810992993,-0.9185191695919818,-0.41141760616949713,-0.6192272049672233,-0.7795285445408454,2.2909869445473072,0.9154723296363484
2,12,275,125,0.0002,0.0006,641.64,1579.99,1401.9,554.57,2387.98,9047.89,47.13,521.94,2387.97,8136.49,8.3925,392,39.12,23.4201,0.09448325506450937,2.0437930422630664,-2.0830887720420668,-1.7253424195336304,-0.7784528594723844,1.3636615096062277,-1.6456751705522397,-0.7727212965170607,-1.5417078402851163,0.7114918894056562,-1.7552636327442832,-0.3787420234744741,-1.3204301949213777,-0.7795285445408454,1.6794239469898438,1.206900823836029
2,13,274,125,0.0007,0.0005,641.78,1586.77,1401.53,554.69,2387.94,9053.63,47.03,522.33,2387.99,8140.61,8.3742,391,38.88,23.4317,0.32273210810347713,1.7020672469626197,-1.802025942390993,-0.6111683818894893,-0.8197228829072247,1.5003754096786563,-2.211886715395225,-0.5194016304986949,-1.9180362026691513,1.2421272717866614,-1.47634881169563,-0.1683929598750778,-1.8083394997183913,-1.4262459188590835,0.34510467959176366,1.3149062721655973
2,14,273,125,-0.0024,-0.0004,641.66,1584.04,1395.46,554.47,2388.01,9047.3,47.12,523.07,2387.98,8140.09,8.3887,391,38.93,23.4074,-1.092410780738123,-1.3734649107414005,-2.0429369392348034,-1.0597959811178872,-1.4967743484461375,1.249733259545849,-1.2210165119167822,-0.7987593806548443,-1.5793406765235385,2.2489738947660523,-1.6158062222167857,-0.194941870814784,-1.4217446953710318,-1.4262459188590835,0.6230878602996872,1.08865347954413
2,15,272,125,-0.0012,-0.0003,642.21,1579.84,1402.11,554.17,2388.02,9049.82,47.17,521.96,2388.02,8137.72,8.3704,393,38.94,23.4311,-0.5446135334446004,-1.0317391154409536,-0.9387615370339111,-1.7499922876231178,-0.7550293326580444,0.9079485093647127,-1.0794636257092545,-0.6875458687443189,-1.3911764953315078,0.7387039602969661,-1.0579765801194794,-0.31594363798239555,-1.909654000168045,-0.13281117022260733,0.6786844964412639,1.3093197834589074
2,16,271,125,-0.001,0.0003,641.81,1581.99,1393.46,554.53,2387.99,9051.79,47.24,522.49,2387.95,8133.45,8.3805,392,39.01,23.4462,-0.4533139922290133,1.0186156563617261,-1.7417981931800974,-1.3966775116740004,-1.7198555562019595,1.3180902095819986,-1.504122284344712,-0.6006051471316891,-1.127746641662686,1.4598238389172946,-2.0341784537929364,-0.5339510412759727,-1.6403707226571367,-0.7795285445408454,1.0678609494323805,1.449913082577599
2,17,270,125,0.0003,-0.0001,642.43,1583.58,1390.27,553.62,2388.04,9052.05,47.13,522.71,2388.08,8134.78,8.3714,391,39.04,23.5245,0.1401330256723029,-0.3482875248400603,-0.4970913761537825,-1.135388909925608,-2.075670082572502,0.28134313403282385,-0.7963578532877619,-0.5891307371727393,-1.5417078402851163,1.7591566187220118,-0.2212321169735197,-0.46604709598781996,-1.8829922895234144,-1.4262459188590835,1.2346508578571505,2.1789498588023086
2,18,269,125,0.0014,0.0001,641.95,1588.43,1400.25,554.83,2388.0,9051.35,47.22,522.92,2388.0,8133.2,8.4053,391,39.0,23.4203,0.642280502358032,0.335164065760833,-1.4607353635287954,-0.33837650836598293,-0.9624948558709477,1.6598749597631348,-1.3625693981307472,-0.620023379370054,-1.2030123141395037,2.0448833630809196,-1.3368914011681325,-0.5467149407662277,-0.9791602986699047,-1.4262459188590835,1.0122643132908038,1.208762986738259
2,19,268,125,0.0025,0.0001,641.75,1576.84,1401.77,555.25,2388.02,9055.07,47.14,522.38,2387.98,8137.51,8.4035,392,39.1,23.4102,1.144427979043761,0.335164065760833,-1.8622536916018886,-2.242989649412563,-0.792953137976525,2.1383736100165702,-1.0794636257092545,-0.45585105226409744,-1.5040750040467208,1.310157449014936,-1.6158062222167857,-0.3266653135542116,-1.027151377830297,-0.7795285445408454,1.5682306747066903,1.1147237601754154
2,20,267,125,0.0042,-0.0004,642.34,1582.94,1394.38,554.64,2388.0,9050.27,47.14,522.54,2387.94,8139.83,8.3698,391,39.02,23.3821,1.9204740793762516,-1.3734649107414005,-0.677774623786469,-1.2405616804406687,-1.6172382006342734,1.4434112846484022,-1.3625693981307472,-0.667686313045982,-1.5040750040467208,1.5278540161455691,-2.1736358643140923,-0.2082163262846603,-1.9256510265548425,-1.4262459188590835,1.1234575855739968,0.8530898724115129
2,21,266,125,-0.0023,0.0001,642.05,1579.51,1392.28,554.72,2388.03,9055.29,47.04,522.58,2388.01,8136.57,8.3954,391,39.24,23.5014,-1.0467610101303295,0.335164065760833,-1.259976199492477,-1.8042219974199447,-1.8514734687779018,1.534553884696731,-0.9379107394952897,-0.4461419361448749,-1.8804033664307558,1.5822781579283434,-1.197433990640635,-0.3746575756375963,-1.2431112340518964,-1.4262459188590835,2.3465835806889235,1.963870043594254
2,22,265,125,0.0024,0.0006,642.16,1580.18,1397.67,554.35,2387.96,9053.31,47.17,521.73,2388.04,8140.79,8.3792,391,38.98,23.4241,1.0987782084359674,2.0437930422630664,-1.0391411190522986,-1.6941192532869567,-1.2502696138759501,1.1130193594734203,-1.9287809429737324,-0.5335239812174766,-1.3911764953315078,0.4257651450465939,-0.7790617590708261,-0.15920295224207937,-1.6750309464951425,-1.4262459188590835,0.9010710410076107,1.2441440818806941
2,23,264,125,-0.0013,0.0003,642.37,1580.89,1387.5,554.69,2387.96,9051.43,47.21,522.26,2388.07,8131.57,8.3937,393,39.1,23.2867,-0.5902633040523939,1.0186156563617261,-0.6175468745755736,-1.5774432109967822,-2.3846375553143133,1.5003754096786563,-1.9287809429737324,-0.6164927916903586,-1.2406451503778992,1.1468850236669224,-0.36068952749467537,-0.6299355654426957,-1.288436142147783,-0.13281117022260733,1.5682306747066903,-0.035161831954253764
2,24,263,125,-0.0019,-0.0,641.99,1580.97,1398.67,553.5,2387.98,9052.35,47.15,522.25,2387.97,8136.16,8.3866,391,39.18,23.3981,-0.8641619276991553,-0.0065617295396136685,-1.380431697914268,-1.5642966146824089,-1.1387290099980392,0.14462923396039526,-1.6456751705522397,-0.5758910333738213,-1.4664421678083255,1.1332789882212675,-1.7552636327442832,-0.39559037080160697,-1.477734287724799,-1.4262459188590835,2.0130037638393836,1.0020629045902392
2,25,262,125,0.0063,0.0001,641.81,1585.38,1396.62,554.14,2388.0,9055.28,47.19,522.31,2388.03,8136.97,8.3959,391,38.99,23.4883,2.879119262139916,0.335164065760833,-1.7417981931800974,-0.8395904928519112,-1.3673872479477769,0.873770034346638,-1.3625693981307472,-0.44658325960484685,-1.315910822854717,1.214915200895197,-0.9185191695919818,-0.35423533645316047,-1.2297803787296047,-1.4262459188590835,0.956667677149227,1.841898373497895
2,26,261,125,-0.0011,0.0003,641.87,1575.38,1392.3,554.03,2387.98,9050.81,47.12,522.8,2388.0,8137.27,8.3472,391,38.96,23.4691,-0.4989637628368069,1.0186156563617261,-1.6213426947580782,-2.4829150321500615,-1.8492426567003455,0.7484489592802342,-1.6456751705522397,-0.6438548462080581,-1.5793406765235385,1.881610937732906,-1.3368914011681325,-0.3389186570648452,-2.5282056871238017,-1.4262459188590835,0.789877768724457,1.6631307348834237
2,27,260,125,0.0006,0.0005,642.12,1585.44,1402.31,555.16,2388.03,9058.01,47.03,522.11,2388.06,8137.73,8.4077,392,38.96,23.4275,0.27708233749568356,1.7020672469626197,-1.1194447846668258,-0.8297305456161312,-0.7327212118824571,2.0358381849622162,-0.9379107394952897,-0.326101955035151,-1.9180362026691513,0.9427944919819442,-0.5001469380221729,-0.3154330820028206,-0.9151721931227624,-0.7795285445408454,0.789877768724457,1.2758008512186694
2,28,259,125,0.0037,0.0005,642.04,1581.6,1397.45,554.77,2387.99,9053.78,46.99,522.68,2387.93,8136.55,8.3734,390,38.95,23.4395,1.692225226337284,1.7020672469626197,-1.280052115896109,-1.4607671687066448,-1.2748085467290935,1.5915180097268558,-1.504122284344712,-0.5127817785991958,-2.06856754762276,1.7183385123848924,-2.3130932748415898,-0.3756786875967925,-1.8296688682341054,-2.0729632931773216,0.7342811325828803,1.3875306253527304
2,29,258,125,-0.0032,-0.0003,642.08,1583.78,1398.08,554.75,2388.0,9055.84,47.11,522.26,2388.02,8140.77,8.37,390,38.97,23.4249,-1.4576089456004715,-1.0317391154409536,-1.1997484502813531,-1.1025224191396377,-1.2045379662860227,1.568732359714806,-1.3625693981307472,-0.42186914584697904,-1.616973512761934,1.1468850236669224,-1.0579765801194794,-0.16022406420127563,-1.920318684425926,-2.0729632931773216,0.8454744048660339,1.2515927334896468
2,30,257,125,0.0012,0.0,641.78,1590.32,1395.07,554.62,2387.98,9050.8,47.2,522.43,2388.0,8136.63,8.419,391,39.1,23.3985,0.5509809611424449,-0.0065617295396136685,-1.802025942390993,-0.02778817043865349,-1.540275183958534,1.4206256346363524,-1.6456751705522397,-0.6442961696680302,-1.2782779866162945,1.3781876262432105,-1.3368914011681325,-0.3715942397599146,-0.6138948628382592,-1.4262459188590835,1.5682306747066903,1.005787230394699
2,31,256,125,-0.0009,0.0005,641.97,1579.86,1390.94,554.8,2388.0,9049.93,47.05,522.17,2388.04,8131.62,8.4393,391,39.17,23.4154,-0.40766422162121974,1.7020672469626197,-1.4205835307215315,-1.7467056385445243,-2.0009378779742932,1.6256964847449304,-1.3625693981307472,-0.6826913106847076,-1.8427705301923603,1.0244307046558736,-0.7790617590708261,-0.6273827855446353,-0.07266213675198414,-1.4262459188590835,1.957407127697807,1.1631399956335262
2,32,255,125,0.0013,-0.0001,641.58,1584.52,1391.11,554.56,2387.98,9045.87,47.12,522.54,2387.98,8138.76,8.3783,390,38.97,23.4006,0.5966307317502384,-0.3482875248400603,-2.203544270463858,-0.980916403231573,-1.9819759753150656,1.3522686846000733,-1.6456751705522397,-0.8618686354293896,-1.5793406765235385,1.5278540161455691,-1.6158062222167857,-0.2628458161029367,-1.6990264860753623,-2.0729632931773216,0.8454744048660339,1.0253399408681796
2,33,254,125,-0.0032,0.0004,641.79,1585.17,1396.15,553.62,2388.01,9051.18,47.09,522.26,2387.99,8133.62,8.4102,392,39.01,23.4434,-1.4576089456004715,1.360341451662173,-1.781950025987361,-0.8741003081771783,-1.4198113317703729,0.28134313403282385,-1.2210165119167822,-0.6275258781894167,-1.6922391852387249,1.1468850236669224,-1.47634881169563,-0.5252715896225956,-0.8485179165111617,-0.7795285445408454,1.0678609494323805,1.4238428019463136
2,34,253,125,0.0042,0.0003,642.12,1584.08,1394.24,555.09,2388.0,9059.29,47.22,522.64,2387.96,8139.8,8.4188,390,38.87,23.4571,1.9204740793762516,1.0186156563617261,-1.1194447846668258,-1.0532226829607005,-1.632853885177192,1.956088409920042,-1.3625693981307472,-0.26961255215994434,-1.2030123141395037,1.6639143706022728,-1.8947210432654389,-0.2097479942234779,-0.6192272049672233,-2.0729632931773216,0.28950804345014736,1.5514009607493624
2,35,252,125,0.002,0.0002,641.37,1575.73,1392.55,554.73,2388.02,9057.34,47.25,522.0,2388.0,8142.08,8.4164,394,39.06,23.5283,0.9161791260047933,0.6768898610612797,-2.625138514940583,-2.425398673274641,-1.8213575057308677,1.5459467097027562,-1.0794636257092545,-0.35567062685263007,-1.0901138054242905,0.7931281020795856,-1.3368914011681325,-0.09334123087236558,-0.6832153105143656,0.5139062040956307,1.3458441301403437,2.214330953944777
2,36,251,125,0.0013,0.0004,641.27,1581.56,1397.13,554.59,2388.02,9055.79,47.21,522.32,2388.0,8142.06,8.3709,391,39.12,23.3881,0.5966307317502384,1.360341451662173,-2.8258976789771295,-1.4673404668638315,-1.310501539970018,1.3864471596182777,-1.0794636257092545,-0.4240757631467586,-1.2406451503778992,1.2285212363410065,-1.3368914011681325,-0.09436234283156184,-1.896323144845706,-1.4262459188590835,1.6794239469898438,0.9089547594785435
2,37,250,125,0.005,0.0005,642.1,1585.63,1396.29,555.01,2388.04,9058.16,47.16,522.69,2388.02,8136.08,8.3609,391,39.08,23.4047,2.2856722442386004,1.7020672469626197,-1.1595966174740895,-0.7985073793694575,-1.4041956472274795,1.8649458098717129,-0.7963578532877619,-0.31948210313573217,-1.42880933156993,1.731944547830702,-1.0579765801194794,-0.39967481863848486,-2.1629402512921563,-1.4262459188590835,1.457037402423497,1.0635142803639597
2,38,249,125,0.0013,0.0005,642.22,1585.15,1397.75,554.21,2388.0,9055.35,47.22,522.13,2388.05,8134.91,8.4069,390,39.09,23.4191,0.5966307317502384,1.7020672469626197,-0.9186856206302793,-0.8773869572557716,-1.2413463655657253,0.953519809388942,-1.3625693981307472,-0.4434939953851234,-1.2030123141395037,0.970006562873254,-0.6396043485433286,-0.4594098682528818,-0.9365015616384765,-2.0729632931773216,1.5126340385651134,1.1975900093248464
2,39,248,125,-0.0018,0.0005,642.0,1585.69,1391.49,554.05,2388.0,9061.16,47.2,522.79,2388.05,8138.78,8.3755,391,39.02,23.4489,-0.8185121570913617,1.7020672469626197,-1.3603557815106362,-0.7886474321336775,-1.9395905458414473,0.7712346092922842,-1.3625693981307472,-0.18708506514703424,-1.2782779866162945,1.868004902287251,-0.6396043485433286,-0.2618247041437405,-1.7736792758803381,-1.4262459188590835,1.1234575855739968,1.4750522817577363
2,40,247,125,0.0005,0.0005,642.02,1582.69,1398.38,554.07,2388.03,9046.96,47.22,522.3,2388.01,8137.16,8.401,391,38.84,23.4402,0.23143256688789002,1.7020672469626197,-1.3202039487033725,-1.2816447939231226,-1.1710757851226292,0.7940202593044635,-0.9379107394952897,-0.8137643782935698,-1.2030123141395037,1.201309165449542,-1.197433990640635,-0.3445347728405871,-1.0938056544418977,-1.4262459188590835,0.12271813502541698,1.3940481955105684
2,41,246,125,0.0015,0.0006,642.41,1578.97,1398.74,554.34,2388.04,9053.6,47.26,522.22,2388.01,8140.84,8.3856,392,38.94,23.3071,0.6879302729658255,2.0437930422630664,-0.5372432089610462,-1.8929615225420389,-1.1309211677265925,1.1016265344673954,-0.7963578532877619,-0.5207256008785306,-1.0524809691858952,1.092460881884303,-1.197433990640635,-0.1566501723440191,-1.5043959983694297,-0.7795285445408454,0.6786844964412639,0.15477878407363044
2,42,245,125,0.0016,0.0005,642.27,1579.21,1392.13,553.98,2387.97,9046.36,47.14,522.87,2388.0,8135.3,8.3449,392,39.08,23.4631,0.7335800435736192,1.7020672469626197,-0.8183060386121201,-1.8535217335988818,-1.868204559359573,0.6914848342501096,-1.7872280567662044,-0.8402437858912453,-1.5040750040467208,1.9768531858526448,-1.3368914011681325,-0.43949818504806737,-2.5895276216064858,-0.7795285445408454,1.457037402423497,1.607265847816393
2,43,244,125,0.0027,0.0,642.02,1580.59,1391.6,554.14,2388.04,9053.65,47.08,522.9,2388.02,8135.14,8.4144,392,38.92,23.4966,1.2357275202593483,-0.0065617295396136685,-1.3202039487033725,-1.6267429471757564,-1.9273210794148883,0.873770034346638,-0.7963578532877619,-0.518518983578751,-1.7298720214771472,2.0176712921896094,-1.0579765801194794,-0.4476670807218231,-0.7365387318036272,-0.7795285445408454,0.5674912241581104,1.9191781339406362
2,44,243,125,0.0003,0.0003,642.01,1584.33,1398.69,554.16,2388.04,9057.05,47.22,522.77,2388.06,8137.23,8.4087,392,39.03,23.4546,0.1401330256723029,1.0186156563617261,-1.3402798651070043,-1.012139569478247,-1.136498197920483,0.8965556843586878,-0.7963578532877619,-0.3684690071915761,-1.2030123141395037,1.8407928313959412,-0.5001469380221729,-0.34096088098333055,-0.8885104824781316,-0.7795285445408454,1.1790542217155737,1.528123924471422
2,45,242,125,-0.0014,-0.0002,642.05,1586.41,1397.6,554.2,2388.05,9060.38,47.17,522.27,2388.0,8141.93,8.3847,390,38.99,23.4284,-0.6359130746601875,-0.690013320140507,-1.259976199492477,-0.6703280653042063,-1.2580774561474222,0.9421269843829171,-0.6548049670737971,-0.2215082950241246,-1.3911764953315078,1.1604910591125774,-1.3368914011681325,-0.1009995705665,-1.5283915379496023,-2.0729632931773216,0.956667677149227,1.284180584278737
2,46,241,125,0.0002,-0.0003,642.15,1575.45,1392.6,554.54,2388.0,9053.33,47.19,522.08,2388.05,8140.52,8.3994,390,38.93,23.5041,0.09448325506450937,-1.0317391154409536,-1.0592170354559303,-2.4714117603749846,-1.8157804755369773,1.3294830345880235,-1.3625693981307472,-0.5326413342975326,-1.315910822854717,0.9019763856449795,-0.6396043485433286,-0.1729879636915306,-1.136464391473326,-2.0729632931773216,0.6230878602996872,1.9890092427744244
2,47,240,125,0.0021,0.0003,642.4,1583.85,1396.46,554.96,2388.04,9046.52,47.03,522.73,2388.0,8136.97,8.3756,391,38.89,23.3447,0.9618288966125869,1.0186156563617261,-0.557319125364678,-1.091019147364561,-1.3852337445682266,1.8079816848415884,-0.7963578532877619,-0.8331826105318545,-1.9180362026691513,1.7863686896133215,-1.3368914011681325,-0.35423533645316047,-1.7710131048158797,-1.4262459188590835,0.4007013157333405,0.5048654096936867
2,48,239,125,0.0006,-0.0001,642.09,1586.71,1397.95,554.67,2387.99,9057.73,47.18,522.41,2387.98,8134.97,8.3821,392,39.23,23.4336,0.27708233749568356,-0.3482875248400603,-1.1796725338777214,-0.6210283291252692,-1.219038244790138,1.477589759666477,-1.504122284344712,-0.33845901191412503,-1.3535436590931123,1.3509755553519007,-1.6158062222167857,-0.45634653237520023,-1.5977119856257085,-0.7795285445408454,2.2909869445473072,1.3325968197368148
2,49,238,125,-0.0006,0.0005,642.85,1583.86,1396.5,554.04,2388.04,9049.11,47.18,522.83,2387.99,8135.93,8.4024,390,39.17,23.4871,-0.2707149097978391,1.7020672469626197,0.34609711279966754,-1.0893758228252644,-1.380772120413114,0.7598417842862593,-0.7963578532877619,-0.7188798344016055,-1.3535436590931123,1.9224290440700254,-1.47634881169563,-0.40733315833261924,-1.0564792595393862,-2.0729632931773216,1.957407127697807,1.8307253960845153
2,50,237,125,-0.0002,-0.0004,642.02,1577.86,1399.78,554.73,2388.0,9051.65,47.16,522.16,2388.05,8138.46,8.4042,391,39.1,23.353,-0.08811582736666485,-1.3734649107414005,-1.3202039487033725,-2.0753705464041543,-1.014918939693569,1.5459467097027562,-1.3625693981307472,-0.6067836755712163,-1.42880933156993,1.0108246692102187,-0.6396043485433286,-0.278162495491252,-1.0084881803790413,-1.4262459188590835,1.5682306747066903,0.5821451701364277
2,51,236,125,0.0008,0.0003,642.03,1585.34,1393.06,555.02,2388.02,9055.92,47.03,522.34,2388.01,8137.89,8.3731,392,38.9,23.3239,0.3683818787112707,1.0186156563617261,-1.3001280322997406,-0.8461637910091352,-1.7644717977531341,1.8763386348777378,-1.0794636257092545,-0.41833855816728366,-1.9180362026691513,1.2557333072323162,-1.197433990640635,-0.3072641863290184,-1.8376673814274804,-0.7795285445408454,0.4562979518749173,0.3112004678613095
2,52,235,125,-0.001,-0.0001,641.52,1588.48,1401.66,554.76,2388.0,9056.25,47.09,522.58,2388.01,8134.22,8.4064,392,39.08,23.3668,-0.4533139922290133,-0.3482875248400603,-2.3239997688858773,-0.33015988566949966,-0.8052226044030841,1.5801251847208309,-1.3625693981307472,-0.4037748839885301,-1.6922391852387249,1.5822781579283434,-1.197433990640635,-0.4946382308459651,-0.9498324169608156,-0.7795285445408454,1.457037402423497,0.7106344103905915
2,53,234,125,-0.0023,-0.0001,642.0,1584.9,1397.09,554.33,2388.05,9051.78,46.98,522.73,2388.01,8137.95,8.411,391,38.95,23.5307,-1.0467610101303295,-0.3482875248400603,-1.3603557815106362,-0.9184700707382254,-1.3149631641251558,1.0902337094613705,-0.6548049670737971,-0.6010464705916612,-2.106200383861182,1.7863686896133215,-1.197433990640635,-0.30420085045138323,-0.8271885479954476,-1.4262459188590835,0.7342811325828803,2.236676908771569
2,54,233,125,0.0004,-0.0003,641.58,1583.46,1405.33,554.42,2388.01,9046.85,47.1,522.48,2387.99,8141.65,8.4057,392,39.13,23.3626,0.1857827962800965,-1.0317391154409536,-2.203544270463858,-1.155108804397168,-0.3958685881711679,1.1927691345155949,-1.2210165119167822,-0.8186189363531009,-1.6546063490003295,1.4462178034716398,-1.47634881169563,-0.115295137995619,-0.9684956144120713,-0.7795285445408454,1.7350205831314602,0.6715289894436635
2,55,232,125,-0.0035,-0.0004,642.33,1585.59,1387.16,554.54,2388.02,9044.62,47.18,522.7,2388.02,8134.65,8.4077,392,39.11,23.3779,-1.5945582574238522,-1.3734649107414005,-0.6978505401901008,-0.8050806775266814,-2.422561360632794,1.3294830345880235,-1.0794636257092545,-0.9170340679246805,-1.3535436590931123,1.745550583276357,-1.0579765801194794,-0.47268432372275815,-0.9151721931227624,-0.7795285445408454,1.623827310848267,0.8139844514645849
2,56,231,125,-0.0035,0.0002,641.84,1587.04,1388.97,554.72,2388.02,9052.27,47.03,522.1,2388.01,8139.72,8.393,391,39.1,23.3796,-1.5945582574238522,0.6768898610612797,-1.6815704439689738,-0.5667986193284422,-2.2206728676137812,1.534553884696731,-1.0794636257092545,-0.5794216210535168,-1.9180362026691513,0.9291884565362893,-1.197433990640635,-0.2138324420603558,-1.3070993395990387,-1.4262459188590835,1.5682306747066903,0.8298128361335725
2,57,230,125,-0.0003,-0.0001,642.5,1584.13,1389.62,553.87,2388.05,9052.86,47.17,521.98,2387.96,8136.88,8.4008,391,39.23,23.4544,-0.1337655979744584,-0.3482875248400603,-0.3565599613281314,-1.04500606026418,-2.148171475093154,0.566163759183706,-0.6548049670737971,-0.553383536915733,-1.3911764953315078,0.7659160311882758,-1.8947210432654389,-0.35883034026965965,-1.0991379965708143,-1.4262459188590835,2.2909869445473072,1.526261761569192
2,58,229,125,-0.0,-0.0002,642.3,1582.93,1389.91,554.46,2388.03,9047.75,47.3,522.24,2387.98,8134.92,8.3731,391,39.15,23.3861,0.003183713848922259,-0.690013320140507,-0.7580782894012246,-1.2422050049799656,-2.1158246999685386,1.2383404345398241,-0.9379107394952897,-0.7788998249565076,-0.9019496242322865,1.1196729527756126,-1.6158062222167857,-0.4588993122732605,-1.8376673814274804,-1.4262459188590835,1.8462138554146137,0.890333130456178
2,59,228,125,0.0032,-0.0,642.48,1584.24,1397.95,554.6,2388.08,9053.2,47.17,522.78,2388.0,8136.9,8.4036,391,39.04,23.4347,1.463976373298316,-0.0065617295396136685,-0.3967117941353951,-1.0269294903319168,-1.219038244790138,1.3978399846243026,-0.2301463084447767,-0.5383785392770075,-1.3911764953315078,1.854398866841596,-1.3368914011681325,-0.3578092283104634,-1.0244852067657912,-1.4262459188590835,1.2346508578571505,1.3428387156991126
2,60,227,125,0.0014,-0.0002,642.09,1584.57,1396.84,554.06,2388.04,9057.57,47.12,521.93,2388.02,8141.27,8.4003,393,39.11,23.3928,0.642280502358032,-0.690013320140507,-1.1796725338777214,-0.9726997805350898,-1.3428483150946335,0.782627434298309,-0.7963578532877619,-0.34552018727351586,-1.5793406765235385,0.6978858539598466,-1.0579765801194794,-0.1346962652207657,-1.1124688518931534,-0.13281117022260733,1.623827310848267,0.9527155876810465
2,61,226,125,-0.0044,0.0001,642.41,1585.45,1399.71,555.08,2388.03,9057.02,47.09,522.69,2387.99,8135.88,8.4006,391,39.04,23.2745,-2.005406192893994,0.335164065760833,-0.5372432089610462,-0.8280872210768346,-1.0227267819650157,1.9446955849140168,-0.9379107394952897,-0.3697929775714117,-1.6922391852387249,1.731944547830702,-1.47634881169563,-0.40988593823067954,-1.104470338699731,-1.4262459188590835,1.2346508578571505,-0.1487537689905449
2,62,225,125,-0.0017,-0.0001,641.81,1577.87,1401.66,554.52,2388.03,9048.8,47.27,521.78,2387.98,8135.86,8.4193,391,39.23,23.4442,-0.7728623864835681,-0.3482875248400603,-1.7417981931800974,-2.073727221864858,-0.8052226044030841,1.3066973845759737,-0.9379107394952897,-0.7325608616604954,-1.014848132947473,0.49379532227486844,-1.6158062222167857,-0.41090705018992224,-0.6058963496448841,-1.4262459188590835,2.2909869445473072,1.4312914535552335
2,63,224,125,-0.0014,0.0005,641.91,1575.83,1395.05,554.63,2388.0,9061.57,47.17,522.15,2388.01,8134.72,8.3867,392,38.98,23.325,-0.6359130746601875,1.7020672469626197,-1.541039029143551,-2.4089654278816743,-1.54250599603609,1.4320184596423773,-1.3625693981307472,-0.1689908032885853,-1.3911764953315078,0.9972186337645639,-1.197433990640635,-0.4691104318654552,-1.4750681166603405,-0.7795285445408454,0.9010710410076107,0.32144236382360725
2,64,223,125,-0.0,0.0001,641.66,1581.65,1401.46,554.93,2388.02,9048.35,47.11,522.18,2388.05,8136.88,8.4144,391,39.07,23.398,0.003183713848922259,0.335164065760833,-2.0429369392348034,-1.4525505460101242,-0.8275307251786713,1.773803209823384,-1.0794636257092545,-0.7524204173587519,-1.616973512761934,1.0380367401015285,-0.6396043485433286,-0.35883034026965965,-0.7365387318036272,-1.4262459188590835,1.4014407662819204,1.0011318231391242
2,65,222,125,0.0008,0.0,641.7,1582.59,1395.4,554.28,2388.0,9057.07,47.34,522.52,2387.98,8135.72,8.4128,391,38.92,23.3455,0.3683818787112707,-0.0065617295396136685,-1.9626332736200476,-1.2980780393161264,-1.5034667846788061,1.0332695844311164,-1.3625693981307472,-0.36758636027163216,-0.7514182792786512,1.5006419452542592,-1.6158062222167857,-0.4180548339044353,-0.7791974688350554,-1.4262459188590835,0.5674912241581104,0.5123140613026396
2,66,221,125,0.0005,-0.0002,642.26,1584.6,1394.01,554.11,2388.06,9054.62,47.17,522.65,2387.98,8138.89,8.4121,392,39.0,23.426,0.23143256688789002,-0.690013320140507,-0.838381955015752,-0.9677698069171998,-1.6585082240691136,0.8395915593285632,-0.5132520808662693,-0.475710607962354,-1.3911764953315078,1.6775204060479276,-1.6158062222167857,-0.2562085883679986,-0.7978606662863111,-0.7795285445408454,1.0122643132908038,1.2618346294519116
2,67,220,125,-0.0036,-0.0001,642.17,1587.63,1395.44,554.99,2388.1,9048.97,46.96,522.58,2388.0,8138.81,8.3761,393,39.02,23.3933,-1.6402080280316456,-0.3482875248400603,-1.0190652026486666,-0.46984247150982744,-1.4990051605236938,1.842160159859663,0.05295946397671588,-0.7250583628411327,-2.181466056337973,1.5822781579283434,-1.3368914011681325,-0.2602930362048764,-1.757682249493588,-0.13281117022260733,1.1234575855739968,0.9573709949366214
2,68,219,125,0.0008,0.0001,642.5,1577.16,1399.27,554.07,2387.97,9054.61,47.16,522.2,2388.0,8137.75,8.4141,392,38.97,23.4076,0.3683818787112707,0.335164065760833,-0.3565599613281314,-2.190403264154995,-1.0718046476713026,0.7940202593044635,-1.7872280567662044,-0.4761519314223259,-1.42880933156993,1.065248810992993,-1.3368914011681325,-0.31441197004357796,-0.7445372449970495,-0.7795285445408454,0.8454744048660339,1.09051564244636
2,69,218,125,-0.0004,0.0,642.73,1586.47,1399.73,554.35,2388.01,9049.25,47.33,522.21,2387.97,8136.47,8.4116,392,39.09,23.3783,-0.17941536858225196,-0.0065617295396136685,0.10518611595585729,-0.6604681180684263,-1.0204959698874594,1.1130193594734203,-1.2210165119167822,-0.7127013059621586,-0.7890511155170734,1.078854846438648,-1.7552636327442832,-0.3797631354336704,-0.8111915216086503,-0.7795285445408454,1.5126340385651134,0.8177087772690448
2,70,217,125,0.0005,-0.0002,641.76,1593.24,1397.3,554.47,2388.05,9049.78,47.26,522.17,2387.98,8134.06,8.4118,392,39.06,23.3894,0.23143256688789002,-0.690013320140507,-1.8421777751982567,0.45206259503641827,-1.2915396373107904,1.249733259545849,-0.6548049670737971,-0.6893111625841264,-1.0524809691858952,1.0244307046558736,-1.6158062222167857,-0.5028071265197208,-0.8058591794797335,-0.7795285445408454,1.3458441301403437,0.9210588183430382
2,71,216,125,-0.0004,0.0002,642.39,1586.68,1403.09,555.01,2388.0,9053.44,47.24,522.02,2387.94,8131.12,8.3993,392,38.92,23.317,-0.17941536858225196,0.6768898610612797,-0.5773950417683098,-0.6259583027431592,-0.6457195408576896,1.8649458098717129,-1.3625693981307472,-0.5277867762379214,-1.127746641662686,0.8203401729708955,-2.1736358643140923,-0.6529105845251453,-1.139130562537784,-0.7795285445408454,0.5674912241581104,0.24695584773424417
2,72,215,125,-0.0007,-0.0001,642.48,1583.11,1393.85,554.54,2388.03,9057.61,47.19,522.4,2388.02,8136.69,8.4012,392,39.12,23.4393,-0.31636468040563265,-0.3482875248400603,-0.3967117941353951,-1.2126251632726257,-1.6763547206895886,1.3294830345880235,-0.9379107394952897,-0.34375489343362803,-1.315910822854717,1.3373695199062459,-1.0579765801194794,-0.36853090388227944,-1.088473312312981,-0.7795285445408454,1.6794239469898438,1.3856684624505005
2,73,214,125,-0.0004,-0.0001,641.73,1586.57,1400.98,554.41,2388.01,9057.35,47.15,522.95,2388.02,8142.06,8.3896,390,38.94,23.4567,-0.17941536858225196,-0.3482875248400603,-1.9024055244091522,-0.6440348726754598,-0.8810702150400707,1.18137630950957,-1.2210165119167822,-0.3552293033926581,-1.4664421678083255,2.085701469418039,-1.0579765801194794,-0.09436234283156184,-1.3977491557908592,-2.0729632931773216,0.6786844964412639,1.5476766349449025
2,74,213,125,-0.0013,0.0001,642.39,1584.04,1396.13,555.36,2388.01,9060.56,47.25,521.97,2388.03,8138.8,8.3932,391,39.07,23.4015,-0.5902633040523939,0.335164065760833,-0.5773950417683098,-1.0597959811178872,-1.422042143847929,2.263694685082974,-1.2210165119167822,-0.21356447274478987,-1.0901138054242905,0.7523099957426209,-0.9185191695919818,-0.2608035921844978,-1.301766997470122,-1.4262459188590835,1.4014407662819204,1.0337196739282144
2,75,212,125,0.0025,0.0004,641.64,1578.27,1390.64,555.45,2387.95,9053.52,47.09,522.54,2388.07,8133.37,8.3944,392,38.99,23.421,1.144427979043761,1.360341451662173,-2.0830887720420668,-2.0079942402929167,-2.0344000591376616,2.3662301101373275,-2.070333829187697,-0.524256188558226,-1.6922391852387249,1.5278540161455691,-0.36068952749467537,-0.5380354891128506,-1.2697729446965746,-0.7795285445408454,0.956667677149227,1.2152805568960638
2,76,211,125,-0.0037,0.0001,642.01,1586.91,1399.66,554.05,2388.05,9052.13,46.99,522.08,2388.07,8136.29,8.3629,392,38.88,23.4591,-1.6858577986394394,0.335164065760833,-1.3402798651070043,-0.5881618383392987,-1.028303812158906,0.7712346092922842,-0.6548049670737971,-0.585600149493044,-2.06856754762276,0.9019763856449795,-0.36068952749467537,-0.38895314306666884,-2.1096168300028943,-0.7795285445408454,0.34510467959176366,1.5700225897716948
2,77,210,125,0.0003,0.0,641.97,1588.54,1395.38,554.06,2388.02,9052.12,46.95,522.36,2388.02,8138.64,8.4399,392,39.01,23.4969,0.1401330256723029,-0.0065617295396136685,-1.4205835307215315,-0.32029993843371973,-1.5056975967563624,0.782627434298309,-1.0794636257092545,-0.5860414729529356,-2.2190988925763686,1.2829453781236262,-1.0579765801194794,-0.26897248785825356,-0.056665110365186726,-0.7795285445408454,1.0678609494323805,1.9219713782939811
2,78,209,125,0.0004,-0.0001,642.44,1587.2,1394.24,554.83,2387.99,9058.82,47.12,522.57,2387.98,8135.85,8.4018,391,38.96,23.5367,0.1857827962800965,-0.3482875248400603,-0.47701545974992243,-0.5405054266996584,-1.632853885177192,1.6598749597631348,-1.504122284344712,-0.29035475477822503,-1.5793406765235385,1.5686721224826885,-1.6158062222167857,-0.41141760616949713,-1.0724762859261836,-1.4262459188590835,0.789877768724457,2.2925417958386
2,79,208,125,0.0021,0.0004,641.62,1585.59,1398.51,554.19,2388.0,9057.44,47.23,522.26,2388.09,8135.02,8.3931,390,39.15,23.2873,0.9618288966125869,1.360341451662173,-2.1232406048493306,-0.8050806775266814,-1.156575506618514,0.9307341593768921,-1.3625693981307472,-0.3512573922529908,-1.1653794779011082,1.1468850236669224,-0.0817747064460222,-0.45379375247713993,-1.3044331685345805,-2.0729632931773216,1.8462138554146137,-0.02957534324756394
2,80,207,125,0.0027,-0.0,641.37,1588.33,1394.0,554.94,2387.99,9056.41,47.2,523.26,2388.03,8138.12,8.3889,391,38.95,23.4198,1.2357275202593483,-0.0065617295396136685,-2.625138514940583,-0.3548097537589868,-1.6596236301078917,1.7851960348295386,-1.504122284344712,-0.3967137086291393,-1.2782779866162945,2.5074885682336503,-0.9185191695919818,-0.29552139879800615,-1.416412353242115,-1.4262459188590835,0.7342811325828803,1.204107579482651
2,81,206,125,0.0006,-0.0001,641.72,1578.31,1390.12,555.25,2388.02,9053.0,47.25,522.62,2388.07,8135.81,8.4162,391,39.08,23.4685,0.27708233749568356,-0.3482875248400603,-1.922481440812784,-2.0014209421357303,-2.0924011731541987,2.1383736100165702,-1.0794636257092545,-0.5472050084762862,-1.0901138054242905,1.636702299710963,-0.36068952749467537,-0.4134598300879361,-0.6885476526432822,-1.4262459188590835,1.457037402423497,1.6575442461767007
2,82,205,125,0.0035,-0.0001,641.86,1587.24,1402.78,554.17,2388.01,9055.28,47.19,522.3,2388.0,8135.13,8.3428,391,39.17,23.4491,1.6009256851216966,-0.3482875248400603,-1.6414186111617102,-0.5339321285424717,-0.6802971280598359,0.9079485093647127,-1.2210165119167822,-0.44658325960484685,-1.315910822854717,1.201309165449542,-1.3368914011681325,-0.44817763670144445,-2.645517213960253,-1.4262459188590835,1.957407127697807,1.4769144446599993
2,83,204,125,0.0,-0.0004,641.73,1585.18,1398.81,554.18,2388.07,9047.88,47.13,523.13,2388.04,8135.08,8.3997,390,39.0,23.4056,0.003183713848922259,-1.3734649107414005,-1.9024055244091522,-0.8724569836378817,-1.1231133254551458,0.9193413343707376,-0.37169919465230444,-0.7731626199770326,-1.5417078402851163,2.330610107439982,-0.7790617590708261,-0.45073041659950475,-1.1284658782799508,-2.0729632931773216,1.0122643132908038,1.0718940134240273
2,84,203,125,-0.0037,-0.0004,642.41,1586.46,1402.26,554.86,2388.06,9050.39,47.29,522.75,2387.92,8138.11,8.394,392,38.95,23.4055,-1.6858577986394394,-1.3734649107414005,-0.5372432089610462,-0.6621114426077229,-0.7382982420763476,1.6940534347812095,-0.5132520808662693,-0.662390431526479,-0.939582460470682,1.8135807605046315,-2.4525506853627452,-0.2960319547776275,-1.280437628954408,-0.7795285445408454,0.7342811325828803,1.0709629319729124
2,85,202,125,0.0002,0.0004,641.73,1588.31,1398.33,554.5,2387.97,9049.41,47.19,522.63,2387.96,8137.66,8.3954,391,39.13,23.4072,0.09448325506450937,1.360341451662173,-1.9024055244091522,-0.35809640283758015,-1.176652815316545,1.2839117345639237,-1.7872280567662044,-0.7056401306027678,-1.315910822854717,1.650308335156618,-1.8947210432654389,-0.31900697386007715,-1.2431112340518964,-1.4262459188590835,1.7350205831314602,1.0867913166419
2,86,201,125,0.0004,-0.0,641.85,1579.31,1399.12,554.51,2388.02,9050.83,47.27,522.26,2388.01,8138.02,8.3958,391,38.87,23.4982,0.1857827962800965,-0.0065617295396136685,-1.6614945275653419,-1.8370884882059153,-1.0885357382529994,1.2953045595699486,-1.0794636257092545,-0.6429721992881142,-1.014848132947473,1.1468850236669224,-1.197433990640635,-0.3006269585940803,-1.232446549794063,-1.4262459188590835,0.28950804345014736,1.9340754371585087
2,87,200,125,0.0019,-0.0002,642.36,1582.64,1399.51,554.77,2387.95,9056.36,47.26,522.59,2387.96,8140.14,8.3952,393,39.1,23.2916,0.8705293553969997,-0.690013320140507,-0.6376227909792054,-1.2898614166196058,-1.045034902740603,1.5915180097268558,-2.070333829187697,-0.3989203259289188,-1.0524809691858952,1.5958841933739982,-1.8947210432654389,-0.1923890909167237,-1.248443576180813,-0.13281117022260733,1.5682306747066903,0.010461159150479071
2,88,199,125,0.0007,-0.0002,642.23,1587.88,1398.17,554.71,2388.01,9056.67,47.04,522.62,2388.0,8139.82,8.3851,391,39.06,23.4173,0.32273210810347713,-0.690013320140507,-0.8986097042266474,-0.4287593580273737,-1.1944993119369947,1.5231610596907061,-1.2210165119167822,-0.3852392986701092,-1.8804033664307558,1.636702299710963,-1.3368914011681325,-0.20872688226428165,-1.5177268536917687,-1.4262459188590835,1.3458441301403437,1.1808305432047437
2,89,198,125,0.0017,0.0005,641.95,1584.62,1394.07,554.18,2388.0,9054.7,47.18,522.42,2388.08,8135.49,8.4143,393,39.18,23.4148,0.7792298141814126,1.7020672469626197,-1.4607353635287954,-0.9644831578386065,-1.651815787836445,0.9193413343707376,-1.3625693981307472,-0.4721800202826586,-1.3535436590931123,1.3645815907975556,-0.2212321169735197,-0.429797621435494,-0.7392049028680855,-0.13281117022260733,2.0130037638393836,1.1575535069268033
2,90,197,125,0.0019,-0.0003,642.06,1580.77,1405.34,554.1,2387.98,9053.58,47.21,522.04,2388.0,8138.51,8.3922,390,38.9,23.4878,0.8705293553969997,-1.0317391154409536,-1.239900283088845,-1.5971631054683793,-0.39475318213238975,0.8281987343225383,-1.6456751705522397,-0.5216082477984745,-1.2406451503778992,0.8475522438622053,-1.3368914011681325,-0.2756097155931917,-1.3284287081147528,-2.0729632931773216,0.4562979518749173,1.8372429662423202
2,91,196,125,-0.0007,-0.0002,642.09,1583.57,1399.47,553.79,2388.02,9045.94,47.15,522.48,2388.05,8134.67,8.4026,391,39.1,23.3972,-0.31636468040563265,-0.690013320140507,-1.1796725338777214,-1.1370322344649049,-1.0494965268957153,0.47502115913537707,-1.0794636257092545,-0.8587793712096662,-1.4664421678083255,1.4462178034716398,-0.6396043485433286,-0.47166321176351544,-1.0511469174104695,-1.4262459188590835,1.5682306747066903,0.9936831715302045
2,92,195,125,-0.0006,0.0005,642.36,1584.87,1399.17,554.28,2388.02,9050.92,47.13,522.45,2388.0,8137.35,8.3919,392,38.81,23.2772,-0.2707149097978391,1.7020672469626197,-0.6376227909792054,-0.9234000443561527,-1.0829587080590835,1.0332695844311164,-1.0794636257092545,-0.6390002881484469,-1.5417078402851163,1.405399697134675,-1.3368914011681325,-0.3348342092279673,-1.3364272213081752,-0.7795285445408454,-0.04407177339935291,-0.12361456981037452
2,93,194,125,0.0019,-0.0004,642.21,1591.68,1392.48,553.92,2388.05,9049.14,47.24,522.52,2388.0,8137.98,8.4005,391,38.94,23.3075,0.8705293553969997,-1.3734649107414005,-0.9387615370339111,0.19570396690591585,-1.8291653480023145,0.6231278842138306,-0.6548049670737971,-0.7175558640217699,-1.127746641662686,1.5006419452542592,-1.3368914011681325,-0.30266918251256564,-1.1071365097642367,-1.4262459188590835,0.6786844964412639,0.1585031098781234
2,94,193,125,0.0,0.0005,642.1,1585.62,1395.39,554.53,2388.03,9054.99,47.38,522.74,2387.99,8141.01,8.4075,392,39.15,23.4165,0.003183713848922259,1.7020672469626197,-1.1595966174740895,-0.8001507039087915,-1.5045821907175843,1.3180902095819986,-0.9379107394952897,-0.4593816399437929,-0.6008869343250426,1.7999747250589764,-1.47634881169563,-0.147970720690642,-0.9205045352516791,-0.7795285445408454,1.8462138554146137,1.1733818915957908
2,95,192,125,-0.0022,0.0002,642.56,1579.26,1402.79,553.99,2388.05,9048.27,47.06,522.37,2388.02,8131.72,8.3773,392,38.98,23.4318,-1.0011112395225361,0.6768898610612797,-0.2361044629063404,-1.8453051109023986,-0.6791817220210579,0.7028776592561345,-0.6548049670737971,-0.7559510050384474,-1.805137693953938,1.296551413569281,-1.0579765801194794,-0.6222772257485149,-1.7256881967199933,-0.7795285445408454,0.9010710410076107,1.3158373536167123
2,96,191,125,-0.0026,0.0006,642.42,1576.94,1399.59,554.4,2387.97,9059.0,47.07,521.66,2388.06,8137.78,8.3698,392,38.92,23.3285,-1.1837103219537102,2.0437930422630664,-0.5171672925574143,-2.2265564040195587,-1.0361116544303781,1.169983484503545,-1.7872280567662044,-0.2824109324988903,-1.7675048577155426,0.33052289692685494,-0.5001469380221729,-0.31288030210476037,-1.9256510265548425,-0.7795285445408454,0.5674912241581104,0.3540302146126974
2,97,190,125,0.0008,0.0001,642.04,1586.12,1400.5,554.42,2388.02,9056.26,47.19,522.22,2388.06,8135.99,8.4202,391,39.06,23.3578,0.3683818787112707,0.335164065760833,-1.280052115896109,-0.717984476943884,-0.93460970490147,1.1927691345155949,-1.0794636257092545,-0.4033335605285581,-1.315910822854717,1.092460881884303,-0.5001469380221729,-0.40426982245498405,-0.5819008100647117,-1.4262459188590835,1.3458441301403437,0.6268370797900457
2,98,189,125,-0.0001,0.0003,641.73,1587.84,1401.08,554.57,2388.04,9056.94,47.21,522.92,2387.98,8140.08,8.4115,391,39.08,23.5011,-0.0424660567588713,1.0186156563617261,-1.9024055244091522,-0.4353326561845977,-0.8699161546522898,1.3636615096062277,-0.7963578532877619,-0.3733235652511071,-1.2406451503778992,2.0448833630809196,-1.6158062222167857,-0.19545242679440533,-0.8138576926731086,-1.4262459188590835,1.457037402423497,1.961076799240909
2,99,188,125,-0.0034,-0.0004,642.04,1585.48,1400.97,554.43,2388.05,9054.46,47.13,522.5,2388.0,8138.18,8.4179,393,39.15,23.3414,-1.5489084868160585,-1.3734649107414005,-1.280052115896109,-0.8231572474589447,-0.8821856210788488,1.2041619595216198,-0.6548049670737971,-0.4827717833218251,-1.5417078402851163,1.4734298743629495,-1.3368914011681325,-0.29245806292032456,-0.6432227445473957,-0.13281117022260733,1.8462138554146137,0.47413972180682645
2,100,187,125,0.0076,-0.0001,642.04,1586.01,1402.72,554.48,2388.0,9056.18,47.21,522.01,2388.05,8135.5,8.4107,390,38.85,23.331,3.4725662800412325,-0.3482875248400603,-1.280052115896109,-0.7360610468761472,-0.6869895642925045,1.261126084551874,-1.3625693981307472,-0.40686414820825356,-1.2406451503778992,0.8067341375252406,-0.6396043485433286,-0.4292870654558727,-0.8351870611888227,-2.0729632931773216,0.1783147711669938,0.3773072508906379
